{
    "rmse": 0.673923991205642,
    "mae": 0.5210383314736673,
    "r2": 0.32802009562598866
}