{
    "rmse": 0.6689001478284335,
    "mae": 0.5336868810164455,
    "r2": 0.276702346629108
}